date,event_type,company,city,geometry_file,vehicles,platform,fares,direct_booking,service_model,supervision,access,fleet_partner,expected_launch,company_link,booking_platform_link,source_url,notes
2017-04-25,service_created,Waymo,Phoenix,waymo-phoenix-april-25-2017-boundary.geojson,Chrysler Pacifica Hybrid,Waymo,No,Yes,Flexible,Safety Driver,Waitlist,,,https://waymo.com/rides/phoenix/,https://www.uber.com/newsroom/waymo-on-uber/,https://www.technologyreview.com/2017/04/25/152152/waymo-has-invited-the-public-to-hop-into-its-self-driving-cars/, Waymo Phoenix service
2017-10-26,service_testing,Waymo,Detroit,"-83.0425,42.3297",,,,,,Safety Driver,Testing,,,https://waymo.com/updates/,,https://waymo.com/blog/2017/10/michigan-is-waymos-winter-wonderland,
2017-11-07,supervision_updated,Waymo,Phoenix,,,,,,,Autonomous,,,,,,https://waymo.com/blog/2017/11/waymos-fully-self-driving-vehicles-are-here,Supervision level update
2017-11-30,service_testing,Zoox,San Francisco,"-122.4416,37.7717",Toyota Highlander,,,,,Safety Driver,Testing,,,https://zoox.com/san-francisco/,,"https://www.claimsjournal.com/news/west/2017/11/30/281801.htm#:~:text=November%2030%2C%202017%20/%20By%20Ashlee,to%20on%20San%20Francisco's%20streets.",
2018-05-01,service_testing,Wayve,London,"-0.1203,51.5415",Jaguar I-PACE,,,,,Safety Driver,Testing,,,https://wayve.ai/,,"https://techcrunch.com/2018/05/22/wayve/#:~:text=A%20new%20U.K.%20self%2Ddriving,roads%2C%E2%80%9D%20he%20tells%20me.",
2019-07-25,service_created,May Mobility,"Grand Rapids, MI",may-mobility-grand-rapids-mi-july-25-2019-boundary.geojson,Polaris GEM,,No,Yes,Hub-to-Hub,Safety Driver,Public,,,https://maymobility.com/locations/grand-rapids-michigan/,https://www.grandrapidsmi.gov/Government/Departments/Mobile-GR/Grand-Rapids-Autonomous-Vehicle-Initiative,https://www.michiganbusiness.org/press-releases/2019/07/public-private-partners-launch-grand-rapids-autonomous-vehicle-initiative-avgr/,Downtown Grand Rapids autonomous shuttle service
2019-09-01,service_created,Oxa,"Lake Nona, FL","-81.2064,28.3772",Navya Shuttles,,No,No,Fixed Route,Safety Attendant,Public,Beep,,https://oxa.tech/news-and-insights/second-av-shuttle-service-driven-by-oxa-launches-in-florida/,https://ridebeep.com/locations/lake-nona-fl,https://ridebeep.com/locations/lake-nona-fl,Five routes with eight shuttles connecting nearly 10 key destinations within the 17-square-mile community
2019-10-03,service_testing,Zoox,Las Vegas,"-115.1884,36.1011",Toyota Highlander,,,,,Safety Driver,Testing,,,https://zoox.com/las-vegas/,,"https://techcrunch.com/2019/10/03/self-driving-vehicle-startup-zoox-has-expanded-to-las-vegas/#:~:text=Kirsten%20Korosec,PM%20PDT%20%C2%B7%20October%203%2C%202019",
2020-10-08,access_policy_changed,Waymo,Phoenix,,,,,,,,Public,,,,,https://waymo.com/blog/2020/10/waymo-is-opening-its-fully-driverless-service-in-phoenix,Access policy update
2020-10-08,fares_policy_changed,Waymo,Phoenix,,,,Yes,,,,,,,,,https://waymo.com/blog/2020/10/waymo-is-opening-its-fully-driverless-service-in-phoenix,Fares policy update
2020-10-08,geometry_updated,Waymo,Phoenix,waymo-phoenix-october-8-2020-boundary.geojson,,,,,,,,,,,,https://waymo.com/blog/2020/10/waymo-is-opening-its-fully-driverless-service-in-phoenix,Service area boundary update
2020-10-08,vehicle_types_updated,Waymo,Phoenix,,Jaguar I-Pace;Chrysler Pacifica Hybrid,,,,,,,,,,,https://techcrunch.com/2019/06/17/waymos-self-driving-jaguar-i-pace-vehicles-are-now-testing-on-public-roads/,Vehicle fleet expansion - adding Jaguar I-Pace
2021-01-27,service_created,AutoX,Shenzhen,"114.0579,22.5431",AutoX Robotaxi,AutoX,Yes,Yes,Flexible,Autonomous,Waitlist,,,,,https://www.forbes.com/sites/davidsilver/2021/01/27/autox-launches-driverless-roboaxis-in-shenzhen/,Driverless commercial robo-taxi service available to residents in Pingshan District
2021-03-23,service_created,May Mobility,"Arlington, TX",may-mobility-arlington-tx-march-23-2021-boundary.geojson,Toyota Sienna,Via,Yes,No,Flexible,Safety Driver,Public,,,https://maymobility.com/locations/arlington-tx/,,https://maymobility.com/locations/arlington-tx/,Arlington RAPID service over 1 square mile area around UTA campus and downtown Arlington
2021-04-29,service_created,Apollo Go,Beijing,"116.4074,39.9042",Apollo RT6,Apollo Go,Yes,Yes,Flexible,Safety Driver,Waitlist,,,https://www.apollo.auto/en/apollo-self-driving,,https://www.forbes.com/sites/bradtempleton/2021/04/29/baidu-launches-robotaxi-service-outside-beijing--how-fully-driverless-is-it-vs-autox/,Commercial robotaxi rides opened to visitors at Beijing's Shougang Park
2021-07-26,geometry_updated,May Mobility,"Grand Rapids, MI",may-mobility-grand-rapids-mi-july-26-2021-boundary.geojson,,,,,,,,,,,,https://www.prnewswire.com/news-releases/may-mobility-announces-on-demand-autonomous-service-in-grand-rapids-michigan-301351595.html,
2021-07-26,platform_updated,May Mobility,"Grand Rapids, MI",,,May Mobility,,,,,,,,,,https://www.prnewswire.com/news-releases/may-mobility-announces-on-demand-autonomous-service-in-grand-rapids-michigan-301351595.html,
2021-07-26,vehicle_types_updated,May Mobility,"Grand Rapids, MI",,Polaris GEM;Lexus RX 450h,,,,,,,,,,,https://www.prnewswire.com/news-releases/may-mobility-announces-on-demand-autonomous-service-in-grand-rapids-michigan-301351595.html,
2021-10-11,service_created,May Mobility,"Ann Arbor, MI",may-mobility-ann-arbor-mi-october-11-2021-boundary.geojson,Toyota Sienna,May Mobility,No,Yes,Hub-to-Hub,Safety Driver,Public,,,https://maymobility.com/locations/ann-arbor-michigan/,,https://maymobility.com/posts/a2go-autonomous-shuttle-service-launches-in-ann-arbor-on-october-11/,A2Go autonomous shuttle service in 2.64 square-mile area connecting Kerrytown with Downtown and University of Michigan campuses
2021-10-19,service_testing,Zoox,Seattle,"-122.3321,47.6062",,,,,,Safety Driver,Testing,,,https://zoox.com/journal/seattle,,https://www.engadget.com/amazon-zoox-autonomous-vehicle-test-seattle-103516733.html,
2021-11-01,service_testing,WeRide,Abu Dhabi,weride-abu-dhabi-november-1-2021-boundary.geojson,WeRide Robotaxi GXR,,,,,Safety Driver,Testing,Tawasul Transport,,https://www.weride.ai/posts/n96o92jcwmuyf2nkltubs9dw,,https://ir.weride.ai/news-releases/news-release-details/weride-launches-fully-driverless-robotaxi-trial-operations-abu,Initial testing begins in Abu Dhabi
2022-02-02,service_created,Cruise,San Francisco,cruise-san-francisco-february-1-2022-boundary.geojson,Chevrolet Bolt EV,Cruise,Yes,Yes,Flexible,Autonomous,Waitlist,,,https://web.archive.org/web/20230928020703/https://getcruise.com/rides/,,https://fortune.com/2022/02/01/cruise-robotaxi-self-driving-car-san-francisco/,Cruise San Francisco commercial service launch
2022-04-29,service_ended,May Mobility,"Grand Rapids, MI",,,,,,,,,,,,,https://www.grandrapidsmi.gov/Government/Departments/Mobile-GR/Grand-Rapids-Autonomous-Vehicle-Initiative,
2022-09-28,service_created,May Mobility,"Grand Rapids, MN",may-mobility-grand-rapids-mn-september-28-2022-boundary.geojson,Toyota Sienna,May Mobility,No,Yes,Hub-to-Hub,Safety Driver,Public,,,https://maymobility.com/locations/grand-rapids-minnesota/,https://gomarti.com/,https://maymobility.com/posts/may-mobility-and-via-launch-first-rural-transit-program-to-use-wheelchair-accessible-ada-compliant-autonomous-vehicless/,
2022-11-01,geometry_updated,Cruise,San Francisco,cruise-san-francisco-november-1-2022-boundary.geojson,,,,,,,,,,,,https://sfstandard.com/2022/11/01/self-driving-cruise-cars-are-expanding-to-most-of-sf-says-ceo/,CPUC approved public expansion and 24/7 operations
2022-11-01,geometry_updated,Waymo,Phoenix,waymo-phoenix-november-1-2022-boundary.geojson,,,,,,,,,,,,https://techcrunch.com/2022/11/01/waymo-launches-autonomous-rides-to-phoenix-airport/,Service area boundary update
2022-12-16,service_created,Waymo,San Francisco,waymo-san-francisco-december-16-2022-boundary.geojson,Jaguar I-Pace,Waymo,No,Yes,Flexible,Autonomous,Waitlist,,,https://waymo.com/rides/san-francisco/,,https://waymo.com/blog/2022/12/wheels-up-for-waymo-as-we-expand,Waymo San Francisco service
2022-12-27,service_created,Apollo Go,Wuhan,"114.3055,30.5928",Apollo RT6,Apollo Go,Yes,Yes,Flexible,Autonomous,Public,,,https://www.apollo.auto/en/apollo-self-driving,,https://english.news.cn/20221227/720b7400018146ef90b3f02cdbb2765b/c.html,Driverless robotaxi service launched in Wuhan's designated open-road zones
2023-03-30,vehicle_types_updated,Waymo,Phoenix,,Jaguar I-Pace,,,,,,,,,,,https://techcrunch.com/2023/03/30/waymo-retires-its-self-driving-chrysler-pacifica-minivan/,Vehicle fleet change: retiring Chrysler Pacifica Hybrid
2023-04-01,service_created,Oxa,"San Ramon, CA","-121.9780,37.7799",Navya ARMA,,No,No,Fixed Route,Safety Attendant,Public,Beep,,,https://ridebeep.com/locations/san-ramon-ca,https://ridebeep.com/locations/san-ramon-ca,Four-stop route at Bishop Ranch connecting San Ramon Transit Center and City Center
2023-04-25,service_created,May Mobility,"Sun City, AZ","-112.2711,33.6139",Toyota Sienna,May Mobility,No,Yes,Hub-to-Hub,Autonomous,Public,,,https://maymobility.com/locations/sun-city-az/,,https://www.azcentral.com/story/news/local/surprise/2023/05/07/sun-city-self-driving-taxi-service-may-mobility-launches/70171913007/,11 stops including recreation centers and medical facilities
2023-05-04,geometry_updated,Waymo,Phoenix,waymo-phoenix-may-4-2023-boundary.geojson,,,,,,,,,,,,https://waymo.com/blog/2023/05/waymo-one-doubles-service-area-in,Service area boundary update
2023-06-16,vehicle_types_updated,Zoox,Las Vegas,,Zoox Robotaxi,,,,,,,,,,,"https://techcrunch.com/2023/06/27/zoox-begins-testing-robotaxis-on-public-roads-in-las-vegas/#:~:text=The%20company%20said%20it%20has,is%20also%20transporting%20employees%20there.",
2023-06-16,supervision_updated,Zoox,Las Vegas,,,,,,,Autonomous,,,,,,"https://techcrunch.com/2023/06/27/zoox-begins-testing-robotaxis-on-public-roads-in-las-vegas/#:~:text=The%20company%20said%20it%20has,is%20also%20transporting%20employees%20there.",
2023-07-11,service_testing,VW ADMT,Austin,"-97.7431,30.2672",VW ID. Buzz AD,,,,,Safety Driver,Testing,,,https://www.volkswagengroupofamerica.com/ADMT,,https://techcrunch.com/2023/07/06/volkswagen-to-start-testing-self-driving-id-buzz-vans-in-austin/;https://www.mysanantonio.com/news/article/vw-launches-autonomous-id-buzz-test-fleet-in-18195804.php,
2023-08-21,fares_policy_changed,Waymo,San Francisco,,,,Yes,,,,,,,,,https://waymo.com/blog/2023/08/waymos-next-chapter-in-san-francisco,Fares policy update
2023-08-21,geometry_updated,Waymo,San Francisco,waymo-san-francisco-august-21-2023-boundary.geojson,,,,,,,,,,,,https://waymo.com/blog/2023/08/waymos-next-chapter-in-san-francisco,Service area boundary update
2023-09-29,service_testing,Waymo,Miami,"-80.1918,25.7617",,,,,,Safety Driver,Testing,,,https://waymo.com/updates/,,https://www.cbsnews.com/miami/news/waymos-self-driving-cars-on-miami-streets-as-company-tests-its-technology/,Adding Miami testing before the announcement
2023-10-24,service_ended,Cruise,San Francisco,,,,,,,,,,,,,https://www.wired.com/story/cruise-robotaxi-self-driving-permit-revoked-california/,California DMV suspended operations due to pedestrian dragging incident
2023-10-26,platform_updated,Waymo,Phoenix,,,Waymo;Uber,,,,,,,,,,https://waymo.com/blog/2023/10/the-waymo-driver-now-available-on-uber-in-phoenix,Booking platform update
2023-12-01,service_created,Pony.ai,Guangzhou,"113.2644,23.1291",Pony.ai Robotaxi,PonyPilot,Yes,Yes,Flexible,Autonomous,Waitlist,,,https://pony.ai/business?lang=en,,https://www.chinadailyhk.com/hk/article/620839,Commercial driverless trial operating in Nansha district
2024-01-01,service_created,Pony.ai,Shenzhen,"114.0579,22.5431",Pony.ai Robotaxi,PonyPilot,Yes,Yes,Flexible,Autonomous,Waitlist,,,https://pony.ai/business?lang=en,,https://www.chinadailyhk.com/hk/article/620839,Commercial pilot license granted for fully driverless service in Bao'an district
2024-02-01,service_created,Oxa,"Jacksonville, FL","-81.6540,30.3273",Ford e-Transit,,No,No,Fixed Route,Safety Driver,Public,Beep,,https://oxa.tech/news-and-insights/oxa-deploys-its-commercial-self-driving-software-for-the-first-time-as-av-shuttles-launch-for-passengers-in-florida-us/,https://ridebeep.com/locations/jta,https://oxa.tech/news-and-insights/oxa-deploys-its-commercial-self-driving-software-for-the-first-time-as-av-shuttles-launch-for-passengers-in-florida-us/,FSCJ Downtown campus 1-mile route
2024-02-01,service_testing,Waymo,Buffalo,"-78.8789,42.8869",,,,,,Safety Driver,Testing,,,https://waymo.com/updates/,,https://www.wkbw.com/news/local-news/inside-the-self-driving-cars-youve-been-seeing-around-buffalo,
2024-03-13,service_created,Waymo,Los Angeles,waymo-los-angeles-march-13-2024-boundary.geojson,Jaguar I-Pace,Waymo,No,Yes,Flexible,Autonomous,Waitlist,,,https://waymo.com/rides/los-angeles/,,https://waymo.com/blog/2024/03/scaling-waymo-one-safely-across-four-cities-this-year,Waymo Los Angeles service
2024-04-10,fares_policy_changed,Waymo,Los Angeles,,,,Yes,,,,,,,,,https://www.nbcnews.com/tech/innovation/waymo-will-launch-paid-robotaxi-service-los-angeles-wednesday-rcna147101,Fares policy update
2024-05-07,service_created,Oxa,Honolulu,"-157.9225,21.3187",Navya Miki,,No,Yes,Fixed Route,Safety Attendant,Public,Beep,,,https://ridebeep.com/locations/honolulu-hawaii,https://ridebeep.com/press-releases/beep-launches-at-honolulus-international-airport,Two routes at Daniel K. Inouye International Airport between C and G Gates
2024-06-04,service_testing,Zoox,Austin,"-97.7431,30.2672",,,,,,Safety Driver,Testing,,,https://zoox.com/journal/austin-miami-2024/,,https://techcrunch.com/2024/06/05/zoox-to-test-self-driving-cars-in-austin-and-miami/,
2024-06-04,service_testing,Zoox,Miami,"-80.1918,25.7617",,,,,,Safety Driver,Testing,,,https://zoox.com/journal/austin-miami-2024/,,https://techcrunch.com/2024/06/05/zoox-to-test-self-driving-cars-in-austin-and-miami/,
2024-06-05,geometry_updated,Waymo,Phoenix,waymo-phoenix-june-5-2024-boundary.geojson,,,,,,,,,,,,https://waymo.com/blog/2024/06/largest-autonomous-ride-hail-territory-in-us-now-even-larger,Service area boundary update
2024-06-25,access_policy_changed,Waymo,San Francisco,,,,,,,,Public,,,,,https://waymo.com/blog/2024/06/waymo-one-is-now-open-to-everyone-in-san-francisco,Access policy update
2024-08-01,service_created,Oxa,"Walnut Creek, CA","-122.0652,37.9101",Olli 2.0,,No,No,Fixed Route,Safety Attendant,Public,Beep,,http://oxa.tech/news-and-insights/third-commercial-deployment-of-oxas-self-driving-software-in-the-united-states-in-collaboration-with-beep/,https://ridebeep.com/locations/walnut-creek-ca,https://ridebeep.com/locations/walnut-creek-ca,Two-stop route in Rossmoor gated community connecting Gateway Club House and Tice Creek Fitness Club
2024-08-06,geometry_updated,Waymo,Los Angeles,waymo-los-angeles-august-6-2024-boundary.geojson,,,,,,,,,,,,https://waymo.com/blog/2024/08/expanding-destinations-for-san-francisco-and-los-angeles-riders,Service area boundary update
2024-08-06,geometry_updated,Waymo,San Francisco,waymo-san-francisco-august-6-2024-boundary.geojson,,,,,,,,,,,,https://waymo.com/blog/2024/08/expanding-destinations-for-san-francisco-and-los-angeles-riders,Service area boundary update
2024-09-12,service_created,May Mobility,"Martinez, CA",may-mobility-martinez-ca-september-12-2024-boundary.geojson,Toyota Sienna,May Mobility,No,Yes,Hub-to-Hub,Safety Driver,Public,,,https://maymobility.com/locations/martinez-california/,https://ridepresto.com/martinez/,https://ccta.net/news/contra-costa-transportation-authority-and-may-mobility-launch-autonomous-vehicle-service-in-martinez-california/,
2024-10-01,service_testing,Wayve,San Francisco Bay Area,"-122.0363,37.3688",Ford Mustang Mach-E,Uber,,,,Safety Driver,Testing,,,https://wayve.ai/press/us-expansion/,,https://wayve.ai/press/us-expansion/,ADAS testing and data collection - 20 vehicles
2024-10-07,service_created,May Mobility,"Peachtree Corners, GA",may-mobility-peachtree-corners-ga-october-7-2024-boundary.geojson,Toyota Sienna,May Mobility,No,Yes,Hub-to-Hub,Safety Driver,Public,,,https://maymobility.com/locations/peachtree-corners-georgia/,,https://maymobility.com/posts/peachtree-corners-launch-autonomous-vehicle-may-mobility-t-mobile/,Peachtree Corners autonomous shuttle service
2024-11-08,service_announced,MOIA,Hamburg,moia-hamburg-november-8-2024-boundary.geojson,VW ID. Buzz AD,,,Yes,Flexible,Safety Driver,Announced,,2025,https://www.moia.io/en/passengers/autonomous,,https://www.moia.io/en/alike,MOIA Hamburg to launch autonomous ridepooling service in 2025
2024-11-11,vehicle_types_updated,Zoox,San Francisco,,Zoox Robotaxi,,,,,,,,,,,"https://www.kron4.com/news/bay-area/zoox-robotaxis-to-begin-testing-on-streets-of-san-francisco/#:~:text=Zoox%20driverless%20robotaxis%20begin%20testing,experience%2C%E2%80%9D%20the%20company%20said.",
2024-11-11,supervision_updated,Zoox,San Francisco,,,,,,,Autonomous,,,,,,"https://www.kron4.com/news/bay-area/zoox-robotaxis-to-begin-testing-on-streets-of-san-francisco/#:~:text=Zoox%20driverless%20robotaxis%20begin%20testing,experience%2C%E2%80%9D%20the%20company%20said.",
2024-11-12,access_policy_changed,Waymo,Los Angeles,,,,,,,,Public,,,,,https://waymo.com/blog/2024/11/waymo-one-open-to-all-in-los-angeles,Access policy update
2024-12-05,fleet_partner_changed,Waymo,Phoenix,,,,,,,,,Moove,,,,https://www.prnewswire.com/news-releases/moove-partners-with-waymo-to-redefine-the-future-of-urban-mobility-302324144.html,Fleet partnership with Moove established
2024-12-05,service_announced,Waymo,Miami,"-80.1918,25.7617",Jaguar I-Pace,Waymo,,,,Safety Driver,Announced,,2026,https://waymo.com/blog/2024/12/next-stop-miami,,https://www.miamiherald.com/news/local/community/miami-dade/article297065439.html,Early 2025 testing with safety drivers; 2026 public launch; Moove fleet partnership
2024-12-06,service_created,WeRide,Abu Dhabi,weride-abu-dhabi-december-6-2024-boundary.geojson,WeRide Robotaxi GXR,Uber,Yes,No,Flexible,Safety Driver,Public,Tawasul Transport,,https://www.weride.ai/posts/n96o92jcwmuyf2nkltubs9dw,https://www.uber.com,https://investor.uber.com/news-events/news/press-release-details/2024/Uber-and-WeRide-Launch-Autonomous-Mobility-Service-in-Abu-Dhabi/default.aspx,Uber partnership launches - Saadiyat Island; Yas Island; Zayed International Airport
2025-01-01,service_testing,MOIA,Oslo,"10.7522,59.9139",VW ID. Buzz AD,,,,,Safety Driver,Testing,Holo,,https://www.moia.io/en/passengers/autonomous,,https://www.moia.io/en/news/autonomous-driving-under-extreme-conditions-moia-tests-id-buzz-ad-in-winter-conditions-in-oslo,Winter testing in extreme conditions; temperatures down to -20°C
2025-01-09,service_created,WeRide,Zurich,"8.5417,47.3769",WeRide Robobus,WeRide,Yes,No,Fixed Route,Safety Driver,Public,Zurich Airport,,https://ir.weride.ai/news-releases/news-release-details/weride-expands-european-presence-autonomous-robobus-shuttle,,https://ir.weride.ai/news-releases/news-release-details/weride-expands-european-presence-autonomous-robobus-shuttle,Autonomous robobus shuttle running at Zurich Airport Terminal E
2025-01-15,service_announced,WeRide,"Furttal, Switzerland","8.3901,47.4625",Nissan Ariya,,,,,Safety Driver,Announced,Eurobus,First half of 2026,https://ir.weride.ai/news-releases/news-release-details/werides-robotaxi-receives-driverless-permit-switzerland,,https://ir.weride.ai/news-releases/news-release-details/werides-robotaxi-receives-driverless-permit-switzerland,
2025-01-29,service_testing,Waymo,Las Vegas,"-115.1884,36.1011",,,,,,Safety Driver,Testing,,,https://waymo.com/updates/,,"https://news3lv.com/news/local/waymo-to-begin-testing-self-driving-vehicles-in-las-vegas#:~:text=LAS%20VEGAS%20(KSNV)%20%E2%80%94%20Waymo,%2C%20Phoenix%20and%20Austin%2C%20Texas.",
2025-01-29,service_testing,Waymo,San Diego,"-117.1611,32.7157",,,,,,Safety Driver,Testing,,,https://waymo.com/updates/,,"https://www.cbs8.com/article/news/local/waymo-comes-to-san-diego/509-c9ba8f17-bada-457a-add3-d671e09b23c4#:~:text=Waymo%20didn't%20reveal%20an,might%20begin%20in%20San%20Diego.",
2025-02-01,service_ended,May Mobility,"Sun City, AZ",,,,,,,,,,,,,https://techcrunch.com/2025/02/12/may-mobility-launches-its-first-driverless-commercial-ride-hail-service/,
2025-02-07,service_testing,Waymo,New Orleans,"-90.0758,29.9509",,,,,,Safety Driver,Testing,,,https://waymo.com/updates/,,https://bizneworleans.com/waymo-to-test-driverless-vehicles-in-new-orleans-during-mardi-gras/,Waymo starting testing for Mardi Gras
2025-02-16,supervision_updated,May Mobility,"Peachtree Corners, GA",,,,,,,Autonomous,,,,,,https://www.iotworldtoday.com/transportation-logistics/may-mobility-launches-first-commercial-driverless-car-service,
2025-03-04,service_created,Waymo,Austin,waymo-austin-march-4-2025-boundary.geojson,Jaguar I-Pace,Uber,Yes,No,Flexible,Autonomous,Public,,,https://waymo.com/waymo-on-uber/,https://www.uber.com/us/en/u/waymo-on-uber/,https://www.cnbc.com/2025/03/04/waymo-uber-begin-offering-robotaxi-rides-in-austin-ahead-of-sxsw.html,Waymo Austin service
2025-03-10,service_created,WeRide,"Valence, Drôme, France","4.8967,44.9337",WeRide Robobus,,No,Yes,Fixed Route,Safety Driver,Public,Beti,,https://ir.weride.ai/news-releases/news-release-details/weride-makes-first-european-fully-driverless-commercial-robobus,,https://ir.weride.ai/news-releases/news-release-details/weride-makes-first-european-fully-driverless-commercial-robobus,Europe's first fully driverless commercial Robobus - 3.3km route; Valence TGV to Rovaltain
2025-03-11,service_created,Waymo,Silicon Valley,waymo-silicon-valley-march-11-2025-boundary.geojson,Jaguar I-Pace,Waymo,Yes,Yes,Flexible,Autonomous,Waitlist,,,https://support.google.com/waymo/answer/15976820?hl=en,,https://www.mercurynews.com/2025/03/11/alphabets-waymo-to-offer-self-driving-rides-in-silicon-valley/,Waymo Silicon Valley service
2025-03-24,service_testing,Waymo,Nashville,"-86.7816,36.1627",,,,,,Safety Driver,Testing,,,https://waymo.com/updates/,,https://www.wkrn.com/news/local-news/nashville/waymo-to-begin-testing-autonomous-vehicles-in-nashville/,Adding Nashville testing before the announcement
2025-03-25,service_announced,Waymo,"Washington, DC","-77.0369,38.9072",,Waymo,,,,Safety Driver,Announced,,2026,https://waymo.com/blog/2025/03/next-stop-for-waymo-one-washingtondc,,https://www.reuters.com/technology/alphabets-waymo-aims-2026-self-driving-ride-hailing-launch-washington-dc-2025-03-25/,Vehicles moved to DC in January 2025; DC does not currently allow fully autonomous operations; working with policymakers on legal framework
2025-03-28,service_announced,Apollo Go,Abu Dhabi,"54.3773,24.4539",RT6 Robotaxi,AutoGo,,,Flexible,Safety Driver,Announced,AutoGo,2026,https://www.apollogo.com/news/366,,https://www.prnewswire.com/news-releases/baidus-apollo-go-partners-with-autogo-in-plan-to-build-abu-dhabis-largest-robotaxi-fleet-302414551.html,Partnership with AutoGo for full commercial operations by 2026
2025-03-28,service_announced,Apollo Go,Dubai,"55.2708,25.2048",RT6 Robotaxi,Uber,,,Flexible,Safety Driver,Announced,,2025,https://www.apollogo.com/,,https://www.prnewswire.com/news-releases/baidus-apollo-go-enters-strategic-partnership-with-dubai-rta-to-deploy-robotaxis-in-dubai-302414511.html,100 vehicles by end 2025; scaling to 1000 by 2028
2025-04-02,service_announced,WeRide,Dubai,"55.2708,25.2048",WeRide Robotaxi GXR,Uber,Yes,No,Flexible,Safety Driver,Announced,,2026,https://www.weride.ai/posts/ggvu6015rj4a440435byyp89,,https://autonews.gasgoo.com/m/70039244.html,"50 vehicles, trials 2025; full service 2026 - Jumeirah; Sheikh Zayed Road; DXB airport"
2025-04-02,service_testing,Wayve,Tokyo,"139.6503,35.6762",Nissan Ariya,Uber,,,,Safety Driver,Testing,,,https://wayve.ai/press/wayve-japan-launch/,,https://wayve.ai/press/wayve-japan-launch/,Testing and development center in Yokohama; ADAS testing with Nissan
2025-04-03,service_testing,Pony.ai,Luxembourg,"6.1319,49.6116",Pony.ai Robotaxi,PonyPilot,,,,Safety Driver,Testing,,,https://pony.ai/business?lang=en,,https://www.prnewswire.com/news-releases/ponyai-europe-secures-luxembourg-robotaxi-testing-permit-302419742.html,Luxembourg authorizes Pony.ai to begin robotaxi testing
2025-04-08,service_testing,Zoox,Los Angeles,"-118.2437,34.0522",Toyota Highlander,,,,,Safety Driver,Testing,,,https://zoox.com/journal/los-angeles-2025,,https://zoox.com/journal/atlanta-expansion-2025/,Retrofitted test fleet; small deployment in Hollywood area; manual mapping then autonomous driving summer 2025
2025-04-14,service_testing,Waymo,Tokyo,"139.6503,35.6762",Jaguar I-Pace,,,,,Safety Driver,Testing,Nihon Kotsu;GO,,https://waymo.com/waymo-in-japan/,,https://waymo.com/blog/2025/04/new-beginnings-in-japan,
2025-04-24,service_announced,VW ADMT,Los Angeles,"-118.2437,34.0522",VW ID. Buzz AD,Uber,Yes,,Flexible,Safety Driver,Announced,,2026,https://www.volkswagengroupofamerica.com/ADMT,https://investor.uber.com/news-events/news/press-release-details/2025/Volkswagen-and-Uber-Launch-Long-Term-Strategic-Partnership-to-Deploy-Autonomous-ID--Buzz-Vehicles-on-the-Uber-Platform/default.aspx,https://investor.uber.com/news-events/news/press-release-details/2025/Volkswagen-and-Uber-Launch-Long-Term-Strategic-Partnership-to-Deploy-Autonomous-ID--Buzz-Vehicles-on-the-Uber-Platform/default.aspx,
2025-04-25,service_created,WeRide,Guangzhou,"113.2644,23.1291",WeRide Robotaxi GXR,WeRide,Yes,Yes,Flexible,Autonomous,Public,,,https://ir.weride.ai/news-releases/news-release-details/weride-launches-247-fully-driverless-robotaxi-service-guangzhous,,https://ir.weride.ai/news-releases/news-release-details/weride-launches-247-fully-driverless-robotaxi-service-guangzhous,24/7 fully driverless robotaxi service across Huangpu District
2025-05-19,service_testing,Waymo,Boston,"-71.0565,42.3555",,,,,,Safety Driver,Testing,,,https://waymo.com/updates/,,https://www.cambridgema.gov/Departments/transportation/News/2025/05/waymotesting,
2025-05-20,service_testing,Zoox,Atlanta,"-84.3885,33.7501",Toyota Highlander,,,,,Safety Driver,Testing,,,https://zoox.com/journal/atlanta-expansion-2025/,,https://zoox.com/journal/atlanta-expansion-2025/,
2025-05-27,service_testing,Waymo,Orlando,"-81.379039,28.54211",Jaguar I-Pace,,,,,Safety Driver,Testing,,,https://waymo.com/rides/,,https://x.com/Waymo/status/1927396004606701883?s=20,Waymo announces testing road trip in Orlando
2025-05-27,service_testing,Waymo,San Antonio,"-98.4946,29.4252",,,,,,Safety Driver,Testing,,,https://waymo.com/updates/,,https://www.axios.com/local/san-antonio/2025/05/27/waymo-san-antonio-cars-test-drive-downtown,Waymo testing in San Antonio
2025-05-28,service_testing,Waymo,Houston,"-95.3701,29.7601",,,,,,Safety Driver,Testing,,,https://waymo.com/updates/,,https://www.axios.com/local/houston/2025/05/28/waymo-houston-cars-test-driverless,
2025-06-10,service_announced,Wayve,London,"-0.1203,51.5415",Jaguar I-PACE,Uber,,,Flexible,Safety Driver,Announced,,Spring 2026,https://wayve.ai/press/wayve-uber-l4-autonomy-trials/,,https://londonist.com/london/transport/uber-self-driving-taxis-london-2026,
2025-06-17,geometry_updated,Waymo,San Francisco,waymo-san-francisco-june-17-2025-boundary.geojson,,,,,,,,,,,,https://www.theverge.com/news/688202/waymo-sf-la-service-area-expand-robotaxi,Service area boundary update
2025-06-17,geometry_updated,Waymo,Silicon Valley,waymo-silicon-valley-june-17-2025-boundary.geojson,,,,,,,,,,,,https://www.theverge.com/news/688202/waymo-sf-la-service-area-expand-robotaxi,Service area boundary update
2025-06-18,geometry_updated,Waymo,Los Angeles,waymo-los-angeles-june-18-2025-boundary.geojson,,,,,,,,,,,,https://techcrunch.com/2025/06/17/waymo-robotaxis-are-pushing-into-even-more-california-cities/,Service area boundary update
2025-06-22,service_created,Tesla,Austin,tesla-austin-june-22-2025-boundary.geojson,Tesla Model Y,Robotaxi,Yes,Yes,Flexible,Safety Attendant,Waitlist,,,https://www.tesla.com/support/robotaxi/,,https://www.cnbc.com/2025/06/20/tesla-robotaxi-launch-austin.html,Tesla Austin service
2025-06-24,service_created,Waymo,Atlanta,waymo-atlanta-june-24-2025-boundary.geojson,Jaguar I-Pace,Uber,Yes,No,Flexible,Autonomous,Public,,,https://waymo.com/waymo-on-uber/,https://www.uber.com/us/en/u/waymo-on-uber/,https://www.uber.com/newsroom/waymo-on-uber-atl/,Waymo Atlanta service
2025-07-01,service_created,Pony.ai,Shanghai,"121.4737,31.2304",Pony.ai Robotaxi,PonyPilot,Yes,Yes,Flexible,Autonomous,Waitlist,,,https://pony.ai/business?lang=en,,https://www.chinadailyhk.com/hk/article/620839,Demonstration permit for intelligent connected vehicle service in Shanghai
2025-07-01,supervision_updated,WeRide,"Valence, Drôme, France",,,,,,,Autonomous,,,,,,"https://www.eenewseurope.com/en/hands-off-driverless-shuttles-rollout-across-europe/#:~:text=The%203.3%20km%20route%20serves,monitoring%20via%20the%205G%20network.",
2025-07-01,service_created,MOIA,Hamburg,moia-hamburg-july-1-2025-boundary.geojson,VW ID. Buzz AD,MOIA,No,Yes,Flexible,Safety Driver,Waitlist,,,https://www.moia.io/en/passengers/autonomous,,https://www.linkedin.com/posts/christopher-hauss-litigationpr_autonomousmobility-activity-7343611964704583682-cgxk?utm_source=share&utm_medium=member_desktop&rcm=ACoAABHECf0BRivwTr2QGiQb67Fh7D9wXtpx4HQ,ALIKE project launch; Stadtpark to Elbe and Schlump to Wandsbek
2025-07-07,service_testing,Waymo,Philadelphia,"-75.1652,39.9526",,,,,,Safety Driver,Testing,,,https://waymo.com/updates/,,https://www.cnbc.com/2025/07/07/waymo-to-begin-testing-in-philadelphia-with-drivers-behind-the-wheel.html,Waymo testing in Philadelphia
2025-07-14,geometry_updated,Tesla,Austin,tesla-austin-july-14-2025-boundary.geojson,,,,,,,,,,,,https://www.businessinsider.com/tesla-new-robotaxi-geofence-austin-shape-elon-musk-bigger-waymo-2025-7,Service area boundary update
2025-07-17,service_created,WeRide,Singapore,"103.8229,1.3649",WeRide Robobus,WeRide,Yes,No,Fixed Route,Autonomous,Public,Resorts World Sentosa,,https://ir.weride.ai/news-releases/news-release-details/weride-launches-southeast-asias-first-fully-driverless-robobus,,https://ir.weride.ai/news-releases/news-release-details/weride-launches-southeast-asias-first-fully-driverless-robobus,Fully driverless robobus line at Resorts World Sentosa
2025-07-17,geometry_updated,Waymo,Austin,waymo-austin-july-17-2025-boundary.geojson,,,,,,,,,,,,https://www.axios.com/local/austin/2025/07/17/waymo-expands-austin-service-area,Service area boundary update
2025-07-17,service_testing,Avride,Austin,"-97.7431,30.2672",Hyundai IONIQ 5,,,,,Safety Driver,Testing,,,,,https://www.kvue.com/article/news/local/avride-self-driving-vehicles-austin-testing-driverless-cars-autonomous-currently/269-bc74bd81-9cdb-4264-b446-d8a8d20d77b1,Avride testing in Austin
2025-07-26,service_created,Pony.ai,Beijing,"116.4074,39.9042",Pony.ai Robotaxi,PonyPilot,Yes,Yes,Flexible,Autonomous,Public,,,https://pony.ai/business?lang=en,,https://ir.pony.ai/news-releases/news-release-details/pony-ai-inc-among-first-receive-permit-fully-driverless,Among first to receive permit for fully driverless commercial service in Beijing
2025-07-28,service_announced,Waymo,Dallas,"-96.7970,32.7767",,Waymo,,,,Safety Driver,Announced,Avis Budget Group,2026,https://waymo.com/,,https://waymo.com/blog/2025/07/our-next-city-dallas,Avis Budget Group multi-year fleet management partnership; testing underway as of June 2025
2025-07-29,geometry_updated,WeRide,Abu Dhabi,weride-abu-dhabi-july-29-2025-boundary.geojson,,,,,,,,,,,,https://www.weride.ai/posts/ybolxgxs9j0i1wvyiuav7k7y,
2025-07-31,service_created,Tesla,Bay Area,tesla-bay-area-july-31-2025-boundary.geojson,Tesla Model Y,Robotaxi,Yes,Yes,Flexible,Safety Driver,Waitlist,,,https://www.tesla.com/support/robotaxi/,,https://www.businessinsider.com/teslas-ride-hailing-service-live-in-san-francisco-musk-says-2025-7,Tesla Bay Area service
2025-08-03,geometry_updated,Tesla,Austin,tesla-austin-august-3-2025-boundary.geojson,,,,,,,,,,,,https://www.pcmag.com/news/teslas-robotaxi-coverage-expands-four-times-the-size-of-initial-austin,Service area boundary update
2025-08-06,service_testing,WeRide,Beijing,"116.4074,39.9042",WeRide Robotaxi GXR,WeRide,Yes,,Flexible,Autonomous,Testing,,,https://ir.weride.ai/news-releases/news-release-details/weride-launches-247-robotaxi-testing-beijing-advances-towards,,https://ir.weride.ai/news-releases/news-release-details/weride-launches-247-robotaxi-testing-beijing-advances-towards,24/7 robotaxi testing ahead of full-day service
2025-08-22,service_testing,Waymo,New York City,"-73.9712,40.7831",Jaguar I-Pace,Waymo,,,,Safety Driver,Testing,,,https://waymo.com/,,https://techcrunch.com/2025/08/22/waymo-approved-to-start-autonomous-vehicle-testing-in-new-york-city/,Up to 8 vehicles in Manhattan and Downtown Brooklyn; permit granted Aug 22; testing began immediately; extended through end of 2025; no permitting structure for driverless operation in NY
2025-08-26,service_created,WeRide,Shenzhen,"114.0579,22.5431",WeRide Robobus,WeRide,Yes,No,Fixed Route,Autonomous,Public,Shenzhen Bus Group,,https://ir.weride.ai/news-releases/news-release-details/weride-and-shenzhen-bus-group-launch-shenzhens-first-fully,,https://ir.weride.ai/news-releases/news-release-details/weride-and-shenzhen-bus-group-launch-shenzhens-first-fully,Fully driverless robobus public transport line launched with Shenzhen Bus Group
2025-08-26,geometry_updated,Tesla,Austin,tesla-austin-august-26-2025-boundary.geojson,,,,,,,,,,,,https://electrek.co/2025/08/27/tesla-announces-50-increase-in-austin-robotaxi-but-50-from-what/,Service area boundary update
2025-09-01,supervision_updated,Tesla,Austin,,,,,,,Safety Driver,,,,,,https://mashable.com/article/tesla-robotaxi-human-safety-monitor-drivers-seat#:~:text=Tesla%20now%20puts%20their%20robotaxi%20safety%20monitors%20in%20the%20driver%27s&text=Texas%20SB%202807%2C%20which%20went%20into%20effect%20on%20Sept.,Supervision level update
2025-09-02,geometry_updated,May Mobility,"Grand Rapids, MN",may-mobility-grand-rapids-mn-september-2-2025-boundary.geojson,,,,,,,,,,,,https://www.kaxe.org/local-news/2025-08-11/grand-rapids-autonomous-transit-expanding-to-nearby-cities-tribal-stops,
2025-09-02,service_testing,Waymo,Seattle,"-122.3321,47.6062",Jaguar I-Pace;Zeekr RT,Waymo,,,,Safety Driver,Testing,,,https://waymo.com/blog?modal=short-were-heading-north-the-pacific-northwest,,https://www.geekwire.com/2025/waymo-to-start-testing-and-laying-groundwork-for-driverless-taxi-service-in-seattle-area/,Dozen vehicles with 6th gen tech; no timeline for public service; Washington state lacks regulations for autonomous operations
2025-09-03,service_announced,Waymo,Denver,"-104.9903,39.7392",Jaguar I-Pace;Zeekr RT,Waymo,,,,Safety Driver,Testing,,2026,https://waymo.com/blog?modal=short-were-elevating-the-waymo-experience-in-the-mile-high-city,,https://www.cbsnews.com/colorado/news/waymo-self-driving-cars-denver-colorado-governors-safer-roads/,About a dozen vehicles; all-electric; collecting data; goal to serve public early 2026; first city with winter conditions; plans to expand to metro area and DIA
2025-09-04,service_announced,Avride,Dallas,"-96.7970,32.7767",Hyundai IONIQ 5,Uber,Yes,,,Safety Driver,Announced,,,https://medium.com/avride/avride-ramps-up-testing-in-dallas-ahead-of-robotaxi-launch-with-uber-76dd44b31c97,https://investor.uber.com/news-events/news/press-release-details/2024/Uber-and-Avride-Announce-Autonomous-Delivery-and-Mobility-Partnership/default.aspx,"https://www.reuters.com/business/autos-transportation/autonomous-technology-startup-avride-ramp-up-testing-part-uber-robotaxi-rollout-2025-09-04/#:~:text=Reuters%20Plus-,Autonomous%20technology%20startup%20Avride%20to%20ramp%20up%20testing%20as%20part,products%20to%20the%20same%20platform.",Uber + Avride announced robotaxi partnership
2025-09-10,service_created,May Mobility,Atlanta,may-mobility-atlanta-september-10-2025-boundary.geojson,Toyota Sienna,Lyft,Yes,No,Flexible,Safety Driver,Public,,,https://maymobility.com/locations/atlanta-georgia/,https://www.lyft.com/autonomous/maymobility,https://maymobility.com/posts/lyft-and-may-mobility-deploy-their-first-autonomous-vehicle-fleet-in-atlanta/,May Mobility Atlanta service
2025-09-10,service_created,Zoox,Las Vegas,zoox-las-vegas-september-10-2025-boundary.geojson,Zoox Robotaxi,Zoox,No,Yes,Hub-to-Hub,Autonomous,Public,,,https://zoox.com/las-vegas/,,https://techcrunch.com/2025/09/10/zoox-opens-its-las-vegas-robotaxi-service-to-the-public/,Zoox Las Vegas service
2025-09-11,service_announced,WeRide,"Leuven, Belgium","4.7025,50.8791",WeRide Robobus,,,,Fixed Route,Safety Driver,Announced,De Lijn,November 2026,https://ir.weride.ai/news-releases/news-release-details/weride-enters-belgium-autonomous-robobus-rolls-leuven,,https://www.globenewswire.com/news-release/2025/09/19/3153076/0/en/WeRide-Robobus-Receives-Belgium-s-First-Level-4-Permit-Leading-AV-Industry-with-Products-Licensed-in-Seven-Countries.html,Belgium's first Level 4 permit - 8km Leuven-Heverlee loop; 9 stops - pilot Nov 2025 to Jan 2026
2025-09-16,service_created,Zoox,San Francisco,zoox-san-francisco-september-16-2025-boundary.geojson,Zoox Robotaxi,Zoox,No,Yes,Flexible,Autonomous,Waitlist,,,https://zoox.com/san-francisco/,,https://x.com/nearcyan/status/1968122084674113773,Zoox San Francisco service
2025-09-17,service_announced,Waymo,Nashville,"-86.7816,36.1627",,Waymo;Lyft,,,,Safety Driver,Announced,Flexdrive,2026,https://waymo.com/blog/2025/09/waymo-is-coming-to-nashville-in-partnership-with-lyft,https://investor.lyft.com/news-and-events/news/news-details/2025/Lyft-and-Waymo-Launch-Partnership-to-Expand-Autonomous-Mobility-to-Nashville/default.aspx,https://waymo.com/blog/2025/09/waymo-is-coming-to-nashville-in-partnership-with-lyft,Lyft partnership; Waymo app first then Lyft integration; Flexdrive fleet management; autonomous ops in coming months then public riders next year
2025-09-30,direct_booking_updated,WeRide,Abu Dhabi,,,,,Yes,,,,,,,,https://autonews.gasgoo.com/m/70039244.html,
2025-10-01,service_testing,Zoox,"Washington, DC","-77.0369,38.9072",Toyota Highlander,,,,,Safety Driver,Testing,,,https://zoox.com/journal/dc-expansion-2025,,https://www.therobotreport.com/zoox-tests-self-driving-service-in-washington-d-c/,
2025-10-15,service_announced,Waymo,London,"-0.1203,51.5415",Jaguar I-Pace,,,,Flexible,Safety Driver,Announced,Moove,2026,https://waymo.com/waymo-in-uk,,https://waymo.com/blog/2025/10/hello-london-your-waymo-ride-is-arriving,
2025-10-17,service_testing,MOIA,Berlin,"13.4050,52.5200",VW ID. Buzz AD,BVG,,,,Safety Driver,Testing,BVG,2026,https://www.moia.io/en/news/autonomous-shuttles-for-berlin,https://www.bvg.de/de/unternehmen/nachhaltige-mobilitaet/mobilitaet-der-zukunft/nowel4,https://www.urban-transport-magazine.com/en/bvg-launches-into-the-future-with-autonomous-shuttles-opportunities-and-challenges/,NoWeL4 project testing begins; 15 km² area; 80 stops; 5 vehicles
2025-10-24,service_created,WeRide,Riyadh,"46.6753,24.7136",WeRide Robotaxi GXR,Uber,Yes,No,Flexible,Safety Driver,Public,AiDriver,2025,https://www.weride.ai/,https://www.uber.com,https://ir.weride.ai/news-releases/news-release-details/weride-robotaxi-secures-autonomous-driving-permit-saudi-arabia,"First robotaxi permit in Saudi Arabia - KKIA, Princess Nourah University; major highways"
2025-10-28,geometry_updated,Tesla,Austin,tesla-austin-october-28-2025-boundary.geojson,,,,,,,,,,,,https://x.com/SawyerMerritt/status/1983287391315214570/photo/1,
2025-10-29,service_announced,Nuro,San Francisco,"-122.4416,37.7717",Lucid Gravity,Uber,Yes,,Flexible,Safety Driver,Announced,,2026,https://www.nuro.ai/nuro-lucid-uber-robotaxi,https://investor.uber.com/news-events/news/press-release-details/2025/Lucid-Nuro-and-Uber-Partner-on-Next-Generation-Autonomous-Robotaxi-Program/default.aspx,https://techcrunch.com/2025/10/29/uber-to-launch-a-premium-robotaxi-service-in-waymos-turf-of-san-francisco/,Nuro + Uber SF service announcement
2025-11-03,service_announced,Waymo,Detroit,"-83.0425,42.3297",,,,,Flexible,Safety Driver,Announced,,2026,https://waymo.com/blog?modal=short-newcity_detroit,,https://fox5sandiego.com/news/local-news/san-diego/waymo-san-diego-las-vegas-detroit/,
2025-11-03,service_announced,Waymo,Las Vegas,"-115.1884,36.1011",,,,,Flexible,Safety Driver,Announced,,2026,https://waymo.com/blog?modal=short-newcity_lasvegas,,https://fox5sandiego.com/news/local-news/san-diego/waymo-san-diego-las-vegas-detroit/,
2025-11-03,service_announced,Waymo,San Diego,"-117.1611,32.7157",,,,,Flexible,Safety Driver,Announced,,2026,https://waymo.com/blog?modal=short-newcity_sandiego,,https://fox5sandiego.com/news/local-news/san-diego/waymo-san-diego-las-vegas-detroit/,
2025-11-12,geometry_updated,Waymo,Silicon Valley,waymo-silicon-valley-november-12-2025-boundary.geojson,,,,,,,,,,,,https://sfstandard.com/2025/11/12/waymo-will-now-drive-bay-area-freeways-san-jos/,Waymo on the whole peninsula
2025-11-18,geometry_updated,Zoox,San Francisco,zoox-san-francisco-november-18-2025-boundary.geojson,,,,,,,,,,,,https://sfstandard.com/2025/11/18/zoox-launches-publicly-san-francisco-kind/,Zoox operating in more of SF
2025-11-18,supervision_updated,Waymo,Miami,,,,,,,Autonomous,,,,,,,https://x.com/Waymo/status/1990806862015705559?s=20
2025-11-18,service_announced,Waymo,Orlando,"-81.379039,28.54211",Jaguar I-Pace,,,,Flexible,Safety Driver,Announced,,2026,https://waymo.com/rides/,,https://waymo.com/blog/2025/11/safe-routine-ready-autonomous-driving-in-new-cities,Waymo makes a sneaky Orlando announcement as a part of a blog post to say they will be launching service in Orlando next year.
2025-11-18,service_announced,Waymo,San Antonio,"-98.4946,29.4241",Jaguar I-Pace,,,,Flexible,Safety Driver,Announced,,2026,https://waymo.com/rides/,,https://waymo.com/blog/2025/11/safe-routine-ready-autonomous-driving-in-new-cities,Waymo makes a sneaky San Antonio announcement as a part of a blog post to say they will be launching service in Orlando next year.
2025-11-18,service_announced,Waymo,Houston,"-95.3701,29.7601",Jaguar I-Pace,,,,Flexible,Safety Driver,Announced,,2026,https://waymo.com/rides/,,https://waymo.com/blog/2025/11/safe-routine-ready-autonomous-driving-in-new-cities,Waymo makes a sneaky Houston announcement as a part of a blog post to say they will be launching service in Orlando next year.
2025-11-20,service_announced,Waymo,New Orleans,"-90.0758,29.9509",,,,,Flexible,Safety Driver,Announced,,,https://waymo.com/blog/?modal=short-laissez-les-bons-temps-rouler-waymo-is-bringing-its-fully-autonomous-ride,,https://waymo.com/blog/?modal=short-laissez-les-bons-temps-rouler-waymo-is-bringing-its-fully-autonomous-ride,
2025-11-20,service_announced,Waymo,Minneapolis,"-93.2650,44.9778",,,,,Flexible,Safety Driver,Announced,,,https://waymo.com/blog/?modal=short-were-lacing-up-our-skates-and-laying-the-early-groundwork-for-our-fully,,https://waymo.com/blog/?modal=short-were-lacing-up-our-skates-and-laying-the-early-groundwork-for-our-fully,
2025-11-20,service_announced,Waymo,Tampa,"-82.4588,27.9617",,,,,Flexible,Safety Driver,Announced,,,https://waymo.com/blog/?modal=short-get-ready-tampa-were-laying-the-groundwork-to-serve-you-in-the-future-in-the,,https://waymo.com/blog/?modal=short-get-ready-tampa-were-laying-the-groundwork-to-serve-you-in-the-future-in-the,
2025-11-26,supervision_updated,WeRide,Abu Dhabi,,,,,,,Autonomous,,,,,,https://investor.uber.com/news-events/news/press-release-details/2025/WeRide-and-Uber-Launch-Middle-Easts-First-Fully-Driverless-Robotaxi-Commercial-Operations-in-Abu-Dhabi-UAE/default.aspx,
2025-12-02,supervision_updated,Waymo,Dallas,,,,,,,Autonomous,,,,,,,https://x.com/Waymo/status/1995976302864580611?s=20
2025-12-03,service_announced,Waymo,St. Louis,"-90.1982,38.6274",,,,,Flexible,Safety Driver,Announced,,,https://waymo.com/blog/?modal=short-entering-st-louis,,https://waymo.com/blog/?modal=short-entering-st-louis,
2025-12-03,service_announced,Waymo,Pittsburgh,"-79.9972,40.4387",,,,,Flexible,Safety Driver,Announced,,,https://waymo.com/blog/?modal=short-waymo-coming-to-pittsburgh,,https://waymo.com/blog/?modal=short-waymo-coming-to-pittsburgh,
2025-12-03,service_announced,Waymo,Baltimore,"-76.6104,39.2905",,,,,Flexible,Safety Driver,Announced,,,https://waymo.com/blog/?modal=short-waymo-is-heading-to-baltimore,,https://waymo.com/blog/?modal=short-waymo-is-heading-to-baltimore,
2025-12-03,service_announced,Waymo,Philadelphia,"-75.1652,39.9526",,,,,Flexible,Safety Driver,Announced,,,https://waymo.com/blog/?modal=short-bringing-our-service-to-philadelphia,,https://waymo.com/blog/?modal=short-bringing-our-service-to-philadelphia,
2025-12-03,service_created,Avride,Dallas,avride-dallas-december-3-2025-boundary.geojson,Hyundai IONIQ 5,Uber,Yes,No,Flexible,Safety Driver,Public,,,https://medium.com/avride/avride-and-uber-launch-robotaxi-rides-in-dallas-173db0ff6972,https://investor.uber.com/news-events/news/press-release-details/2025/Uber-and-Avride-Launch-Robotaxi-Rides-in-Dallas/default.aspx,https://techcrunch.com/2025/12/03/uber-and-avride-launch-robotaxi-service-in-dallas/,
2025-12-04,supervision_updated,Waymo,Houston,,,,,,,Autonomous,,,,,,,https://x.com/Waymo/status/1996595348207231085?s=20
2025-12-10,supervision_updated,Waymo,San Antonio,"-98.4946,29.4241",,,,,,Autonomous,,,,,,https://x.com/Waymo/status/1998875372163600672?s=20,Waymo announcement about autonomous testing in San Antonio
2025-12-11,supervision_updated,Waymo,Orlando,"-81.379039,28.54211",,,,,,Autonomous,,,,,,https://x.com/Waymo/status/1999237761434345487?s=20,Orlando becomes autonomous for Waymo
2025-12-20,geometry_updated,Waymo,Silicon Valley,waymo-silicon-valley-december-20-2025-boundary.geojson,,,,,,,,,,,,https://www.reddit.com/r/waymo/comments/1prowr0/san_jose_service_area_expanded/?utm_source=share&utm_medium=web3x&utm_name=web3xcss&utm_term=1&utm_content=share_button,Thanks to u/dscreations for posting this on Reddit!
2025-12-22,service_announced,Apollo Go,London,"-0.1276,51.5074",Apollo RT6,Lyft;Uber,Yes,No,Flexible,Safety Driver,Announced,,2026,https://www.apollogo.com/,,https://www.cnbc.com/2025/12/22/uber-lyft-set-to-trial-robotaxis-uk-in-partnership-chinas-baidu.html,Apollo Go to provide service with Uber AND Lyft in London in 2026
2026-01-13,geometry_updated,Waymo,Austin,waymo-austin-january-13-2026-boundary.geojson,,,,,,,,,,,,https://x.com/reed/status/2011133349486871008?s=20,Waymo expands Austin service area according to a Waymo employee on X
2026-01-22,service_created,Waymo,Miami,waymo-miami-january-22-2026-boundary.geojson,Jaguar I-Pace,Waymo,Yes,Yes,Flexible,Autonomous,Waitlist,Moove,,https://waymo.com/blog/2026/01/miami-your-waymo-ride-is-ready,,https://www.cnbc.com/2026/01/22/waymo-launches-robotaxi-service-in-miami-extending-us-lead.html,Waymo launches its service to the public in Miami and is gradually letting riders off a waitlist to use their service.
2026-02-09,supervision_updated,Waymo,Nashville,"-86.7816,36.1627",,,,,,Autonomous,Announced,,,,,https://www.reuters.com/business/autos-transportation/waymo-goes-fully-autonomous-nashville-2026-02-09/,Waymo announces driver-out in Nashville.
2026-01-17,service_created,Apollo Go,Abu Dhabi,apollo-go-abu-dhabi-january-17-2026-boundary.geojson,Apollo RT6,AutoGo,Yes,Yes,Flexible,Autonomous,Public,AutoGo,,https://www.apollogo.com/,https://autogo.world/,https://www.prnewswire.com/news-releases/baidus-apollo-go-and-k2s-autogo-commence-fully-autonomous-ride-hailing-service-on-yas-island-announce-phased-expansion-across-abu-dhabi-302663468.html,"Apollo Go has partnered with UAE autonomous mobility company AutoGo to jointly announce the official launch of fully driverless commercial operations for the public in Abu Dhabi. This marks Apollo Go’s first time offering a fully driverless ride-hailing service for the public outside China. Local residents and visitors can hail Apollo Go’s fully driverless vehicles through the AutoGo app. The service will initially operate on Yas Island and plans to gradually expand to more areas of Abu Dhabi."
2025-12-31,service_ended,May Mobility,"Martinez, CA",,,,,,,,,,,,,https://www.facebook.com/ContraCostaTransportationAuthority/photos/1152329803651028/,Pilot program concluded after providing nearly one thousand rides.
2026-01-26,service_created,WeRide,"Leuven, Belgium","4.7025,50.8791",WeRide Robobus,De Lijn,Yes,No,Fixed Route,Safety Attendant,Public,De Lijn,,https://www.weride.ai/,https://www.delijn.be/,https://www.polisnetwork.eu/news/leuven-launches-belgiums-first-autonomous-public-transport-shuttles/,Europe's first commercial AV deployment in a dense city center; integrated into regular bus Line 16.
2025-12-10,service_announced,MOIA,Oslo,"10.7522,59.9139",VW ID. Buzz AD,MOIA,Yes,Yes,Flexible,Safety Driver,Announced,"Ruter, Holo",Spring 2026,https://www.moia.io/,https://ruter.no/,https://www.mobileye.com/news/ruter-and-holo-choose-moia-with-mobileye-drive-for-next-stage-of-avs/,"Ruter and Holo partner with MOIA to deploy ID. Buzz AD vehicles equipped with Mobileye Drive in Oslo's Groruddalen area; service to transition from existing Nio test fleet to MOIA's turnkey solution by spring 2026."
"2026-02-04","service_announced","Uber","Hong Kong","114.1694,22.3193",,,,,,,"Announced",,"2026","https://www.uber.com/",,"https://www.bloomberg.com/news/articles/2026-02-04/uber-to-launch-robotaxi-services-in-hong-kong-madrid-houston-zurich","Uber announced Hong Kong as its first APAC robotaxi market during its Q4 2025 earnings call."
"2026-02-04","service_announced","Uber","Madrid","-3.7038,40.4168",,,,,,,"Announced",,"2026","https://www.uber.com/",,"https://www.bloomberg.com/news/articles/2026-02-04/uber-to-launch-robotaxi-services-in-hong-kong-madrid-houston-zurich","Uber announced plans to launch robotaxi services in Madrid as part of an international expansion strategy."
"2026-02-04","service_announced","Uber","Houston","-95.3698,29.7604",,,,,,,"Announced",,"2026","https://www.uber.com/",,"https://www.bloomberg.com/news/articles/2026-02-04/uber-to-launch-robotaxi-services-in-hong-kong-madrid-houston-zurich","Uber identifies Houston as a major 2026 expansion target for autonomous vehicle rides."
"2026-02-04","service_announced","Uber","Zurich","8.5417,47.3769",,,,,,,"Announced",,"2026","https://www.uber.com/",,"https://www.bloomberg.com/news/articles/2026-02-04/uber-to-launch-robotaxi-services-in-hong-kong-madrid-houston-zurich","Zurich included in Uber's 2026 roadmap for European autonomous vehicle service launches."
"2026-02-05","service_announced","Waymo","Sacramento","-121.4944,38.5816",,,,,,,"Announced",,"2026","https://waymo.com/",,"https://waymo.com/blog/2026/02/waymo-is-headed-to-sacramento/","Waymo begins manual mapping with Jaguar I-PACE fleet as it works toward public rider launch."
"2026-02-05","service_announced","Waymo","Boston","-71.0589,42.3601",,,,,,,"Announced",,"2026","https://waymo.com/",,"https://waymo.com/blog/2026/02/waymo-is-returning-to-boston/","Waymo returns to Boston to validate 6th-gen Driver in snow and narrow streets while engaging with state officials on legalization."
"2026-01-22","supervision_updated","Tesla","Austin",tesla-austin-october-28-2025-boundary.geojson,"Model Y",,"Yes",,"Flexible","Autonomous","Waitlist",,,"https://www.tesla.com/robotaxi",,"https://www.techbuzz.ai/articles/tesla-goes-fully-driverless-in-austin-robotaxi-rollout","Tesla officially removes safety monitors from a limited number of Robotaxis in Austin, transitioning to unsupervised operations."
"2026-02-18","vehicle_types_updated","Tesla","Austin",,"Model Y;Cybercab",,,,,,,,,"https://www.tesla.com/cybercab",,"https://www.autoblog.com/electric/tesla-builds-first-production-cybercab","First production Cybercab (no steering wheel) rolls off the line at Giga Texas; fleet now includes both Model Y and Cybercab units."